Kp,Ki,Kd,Rise Time,Overshoot,Settling Time,Steady-State Error
2.0,0.2,0.2,1.13,4.621115301705222,,2.2699958870194763
2.0,0.2,0.5,1.38,5.544186647528938,,2.9521962675352427
2.0,0.2,0.8,1.6199999999999999,6.4112832710035015,,3.693897388139945
2.0,0.2,1.2,0.18,5.5429668175300215e+82,,6.041080765733631e+82
2.0,0.2,1.5,0.06,1.1681736125855882e+179,,1.5896986014390196e+179
2.0,0.5,0.2,0.97,9.474211466682602,8.72,1.2200316215924687
2.0,0.5,0.5,1.17,11.105211858385154,9.63,1.5965876277174544
2.0,0.5,0.8,1.3499999999999999,12.58956273692312,,2.0516008112301165
2.0,0.5,1.2,0.18,5.589062214023058e+82,,6.091363940858174e+82
2.0,0.5,1.5,0.06,1.17768630777972e+179,,1.6026554246763452e+179
2.0,1.0,0.2,0.8200000000000001,15.262467253364823,5.74,0.005956997830395494
2.0,1.0,0.5,0.98,17.516484223531453,6.22,0.15704220424565563
2.0,1.0,0.8,1.1099999999999999,19.513156054536136,6.640000000000001,0.4556508515420177
2.0,1.0,1.2,0.18,5.6667334517163346e+82,,6.176092482541137e+82
2.0,1.0,1.5,0.06,1.1937111927603732e+179,,1.624482427503512e+179
2.0,1.5,0.2,0.74,19.575408482313147,4.42,0.012907013290273994
2.0,1.5,0.5,0.8600000000000001,22.171814080434032,4.82,0.04732098985597588
2.0,1.5,0.8,0.9700000000000001,24.43550008021933,7.33,0.015811570988375934
2.0,1.5,1.2,0.18,5.745474175130701e+82,,6.261988763487151e+82
2.0,1.5,1.5,0.06,1.209951526207649e+179,,1.646603155192841e+179
2.0,2.0,0.2,0.6799999999999999,23.030044958494294,3.7,0.011144650305737969
2.0,2.0,0.5,0.78,25.83647729472301,6.12,0.11043477869287699
2.0,2.0,0.8,0.88,28.257207550733533,7.01,0.3965510151528946
2.0,2.0,1.2,0.18,5.825299000713025e+82,,6.349068757914718e+82
2.0,2.0,1.5,0.06,1.2264101770944857e+179,,1.6690215227164346e+179
3.0,0.2,0.2,0.8099999999999999,2.2934558344969482,5.4,1.3140706330037801
3.0,0.2,0.5,1.01,2.7931925247102956,8.92,1.6716672315784677
3.0,0.2,0.8,1.19,3.273097577171692,,2.0424238413447
3.0,0.2,1.2,0.16,7.769201950109199e+84,,8.505907943774998e+84
3.0,0.2,1.5,0.07999999999999999,9.45654236229558e+180,,1.29203238912614e+181
3.0,0.5,0.2,0.75,5.042807670220258,7.97,1.2507678109029001
3.0,0.5,0.5,0.91,6.033292026435409,9.39,1.6114541991088345
3.0,0.5,0.8,1.06,6.96097982860277,,1.998325283638252
3.0,0.5,1.2,0.16,7.831770350737398e+84,,8.57447341062305e+84
3.0,0.5,1.5,0.07999999999999999,9.530745598310753e+180,,1.3021800570108025e+181
3.0,1.0,0.2,0.67,8.687979828303662,6.17,0.3976379585441805
3.0,1.0,0.5,0.7999999999999999,10.210821034236785,6.86,0.4817090808054729
3.0,1.0,0.8,0.9299999999999999,11.603626620365112,7.42,0.556031264944508
3.0,1.0,1.2,0.16,7.93716831903572e+84,,8.689974737922498e+84
3.0,1.0,1.5,0.07999999999999999,9.655706755418941e+180,,1.3192692929182783e+181
3.0,1.5,0.2,0.61,11.640449202874615,4.94,0.05645399379382354
3.0,1.5,0.5,0.73,13.518121527694104,5.38,0.03827016357973889
3.0,1.5,0.8,0.84,15.209723244779447,5.75,0.0064409662142992374
3.0,1.5,1.2,0.16,8.043979076454187e+84,,8.807025747992381e+84
3.0,1.5,1.5,0.07999999999999999,9.7822974036139e+180,,1.3365815815934319e+181
3.0,2.0,0.2,0.57,14.144112163927785,4.13,0.0005076323278245809
3.0,2.0,0.5,0.6799999999999999,16.27749177453656,4.47,0.00689519461914756
3.0,2.0,0.8,0.77,18.178716777035724,4.7700000000000005,0.01685180254214913
3.0,2.0,1.2,0.16,8.152221496591551e+84,,8.925647162930247e+84
3.0,2.0,1.5,0.07999999999999999,9.910538693503748e+180,,1.3541198209810718e+181
4.0,0.2,0.2,0.63,1.3577442180445587,1.01,0.8502988167192882
4.0,0.2,0.5,0.78,1.6665132347007412,1.24,1.0736264678015743
4.0,0.2,0.8,0.9299999999999999,1.9665491347569741,1.46,1.3015409288743172
4.0,0.2,1.2,0.16,9.659455192898554e+86,,1.062350606025631e+87
4.0,0.2,1.5,0.060000000000000005,6.782329247634485e+182,,9.303622130879996e+182
4.0,0.5,0.2,0.59,3.0994694104099567,5.74,1.0356558226432497
4.0,0.5,0.5,0.73,3.751746430990705,7.63,1.3200013721208563
4.0,0.5,0.8,0.86,4.373015125890021,9.18,1.616285039383584
4.0,0.5,1.2,0.16,9.736033445315836e+86,,1.0707807274065964e+87
4.0,0.5,1.5,0.060000000000000005,6.834560319778672e+182,,9.375337519508936e+182
4.0,1.0,0.2,0.55,5.552826199151484,5.8100000000000005,0.5764514266024179
4.0,1.0,0.5,0.67,6.622080101097224,6.76,0.7296258816766823
4.0,1.0,0.8,0.77,7.62013296715586,7.53,0.887463639379007
4.0,1.0,1.2,0.16,9.865012653022476e+86,,1.0849795532345783e+87
4.0,1.0,1.5,0.060000000000000005,6.922504840878167e+182,,9.496090095398913e+182
4.0,1.5,0.2,0.52,7.643566889697868,5.01,0.21166750209141583
4.0,1.5,0.5,0.62,9.02030394048176,5.63,0.25295143232635553
4.0,1.5,0.8,0.72,10.287936003642622,6.140000000000001,0.2869684031395394
4.0,1.5,1.2,0.16,9.995697121789091e+86,,1.099366284689127e+87
4.0,1.5,1.5,0.060000000000000005,7.011577650687772e+182,,9.618393349824868e+182
4.0,2.0,0.2,0.49,9.482459140568613,4.3500000000000005,0.05772235825871519
4.0,2.0,0.5,0.58,11.099092225926752,4.8100000000000005,0.058114151510864076
4.0,2.0,0.8,0.6699999999999999,12.572514831513912,5.18,0.04989810355618829
4.0,2.0,1.2,0.16,1.0128109358406529e+87,,1.1139434042189625e+87
4.0,2.0,1.5,0.060000000000000005,7.101793187389423e+182,,9.742267145114167e+182
5.0,0.2,0.2,0.5,0.8938740059084044,0.84,0.5936595595842391
5.0,0.2,0.5,0.64,1.102227915923319,1.04,0.7469585562434702
5.0,0.2,0.8,0.76,1.3061314781384366,1.23,0.9022833944716666
5.0,0.2,1.2,0.16,1.1233935164959103e+89,,1.2411296396100941e+89
5.0,0.2,1.5,0.08,4.544864131581758e+184,,6.2592857531395345e+184
5.0,0.5,0.2,0.48,2.08736216927979,2.47,0.8343002680807103
5.0,0.5,0.5,0.61,2.545257096372732,4.83,1.0569772324570437
5.0,0.5,0.8,0.72,2.986137806253184,6.76,1.2858672753471012
5.0,0.5,1.2,0.16,1.1322199551643614e+89,,1.2508905025772199e+89
5.0,0.5,1.5,0.08,4.579475912298206e+184,,6.306999431714925e+184
5.0,1.0,0.2,0.45999999999999996,3.8342395195721855,4.89,0.614710069881184
5.0,1.0,0.5,0.57,4.617111654220673,6.08,0.7798794915425589
5.0,1.0,0.8,0.66,5.357946495309799,7.05,0.9504695124307574
5.0,1.0,1.2,0.16,1.1470849031498133e+89,,1.2673293155612437e+89
5.0,1.0,1.5,0.08,4.637747929790018e+184,,6.387330438407014e+184
5.0,1.5,0.2,0.44,5.373770619046196,4.69,0.321365741218969
5.0,1.5,0.5,0.54,6.411991878772167,5.48,0.4012297308830597
5.0,1.5,0.8,0.62,7.382716029038394,6.13,0.4805966376676025
5.0,1.5,1.2,0.16,1.1621448104976817e+89,,1.2839839382165882e+89
5.0,1.5,1.5,0.08,4.6967601369063884e+184,,6.468682817125051e+184
5.0,2.0,0.2,0.42,6.762162052422033,4.28,0.13976862278720148
5.0,2.0,0.5,0.51,8.009854648876487,4.87,0.16724726239972654
5.0,2.0,0.8,0.59,9.165570133568066,5.34,0.19049122758104886
5.0,2.0,1.2,0.16,1.1774022318854487e+89,,1.300857201176691e+89
5.0,2.0,1.5,0.08,4.756521921254582e+184,,6.551069534140392e+184
6.0,0.2,0.2,0.43,0.6316614674351386,0.71,0.43747817333476746
6.0,0.2,0.5,0.53,0.7812228116093757,0.89,0.5493821832789365
6.0,0.2,0.8,0.64,0.9282762178736921,1.05,0.662320785541425
6.0,0.2,1.2,0.14,1.2513169795234459e+91,,1.3887419534021166e+91
6.0,0.2,1.5,0.08,2.9135750834047833e+186,,4.0286474047083964e+186
6.0,0.5,0.2,0.42,1.497147262337582,0.66,0.6757864318890654
6.0,0.5,0.5,0.51,1.8346429889678482,0.81,0.8530615338684413
6.0,0.5,0.8,0.62,2.162026878590824,3.5,1.0338814225102482
6.0,0.5,1.2,0.14,1.2610939708742524e+91,,1.3996032047841488e+91
6.0,0.5,1.5,0.08,2.93560219387254e+186,,4.05913400271732e+186
6.0,1.0,0.2,0.4,2.7974245781806277,3.56,0.5928777886926042
6.0,1.0,0.5,0.49,3.391576295968564,4.97,0.7507835818797304
6.0,1.0,0.8,0.58,3.9594014230570926,6.13,0.9130261152210153
6.0,1.0,1.2,0.14,1.2775589224350542e+91,,1.417894288989054e+91
6.0,1.0,1.5,0.08,2.972684330484583e+186,,4.110457989214322e+186
6.0,1.5,0.2,0.38,3.9706809023306437,4.08,0.37870919094248734
6.0,1.5,0.5,0.47,4.775548536853683,5.03,0.4770317286246808
6.0,1.5,0.8,0.55,5.536566263998645,5.8100000000000005,0.5769495295412668
6.0,1.5,1.2,0.14,1.2942387322104046e+91,,1.43642429358074e+91
6.0,1.5,1.5,0.08,3.0102343792303504e+186,,4.1624302227009723e+186
6.0,2.0,0.2,0.37,5.0478994115830425,3.97,0.20800581526421524
6.0,2.0,0.5,0.45,6.031719740242715,4.69,0.25775806639039445
6.0,2.0,0.8,0.53,6.95406282115477,5.2700000000000005,0.3062156372639748
6.0,2.0,1.2,0.14,1.3111362027899761e+91,,1.4551963380496137e+91
6.0,2.0,1.5,0.06,3.0482582387228407e+186,,4.215058883070652e+186
8.0,0.2,0.2,0.32,0.36237452701739253,0.54,0.2654741580217319
8.0,0.2,0.5,0.4,0.4497614992152106,0.68,0.33272650719223407
8.0,0.2,0.8,0.48,0.5361670978723825,0.8200000000000001,0.40033329266499607
8.0,0.2,1.2,0.12000000000000001,1.4269289009504174e+95,,1.598053544011327e+95
8.0,0.2,1.5,0.06,1.096940345457964e+190,,1.5288672309552695e+190
8.0,0.5,0.2,0.31,0.874348705135459,0.52,0.46152214523854695
8.0,0.5,0.5,0.4,1.0780412366869365,0.64,0.580309974584722
8.0,0.5,0.8,0.47,1.2774845769502798,0.76,0.7004964094020636
8.0,0.5,1.2,0.12000000000000001,1.4380116394887385e+95,,1.6104775095378002e+95
8.0,0.5,1.5,0.06,1.1051610572857688e+190,,1.5403360523263794e+190
8.0,1.0,0.2,0.3,1.6688876134430726,0.48,0.4993678950209812
8.0,1.0,0.5,0.38,2.0411500782954306,1.75,0.6298897505278518
8.0,1.0,0.8,0.45,2.401558497997248,3.3200000000000003,0.7628144092509928
8.0,1.0,1.2,0.12000000000000001,1.4566744893059785e+95,,1.6313991376918318e+95
8.0,1.0,1.5,0.06,1.1189993240529721e+190,,1.5596421839718819e+190
8.0,1.5,0.2,0.3,2.4078278053879387,2.2,0.40054524858233265
8.0,1.5,0.5,0.37,2.9265119558560886,3.46,0.5052708128457226
8.0,1.5,0.8,0.44,3.4243661564248224,4.49,0.6119626317968709
8.0,1.5,1.2,0.12000000000000001,1.475579555962062e+95,,1.6525925645623406e+95
8.0,1.5,1.5,0.06,1.133010798673425e+190,,1.5791901986239503e+190
8.0,2.0,0.2,0.29,3.1027635501429214,2.86,0.28207580026700896
8.0,2.0,0.5,0.36,3.751307409326014,3.81,0.35458659632122647
8.0,2.0,0.8,0.42,4.369589337983671,4.58,0.42791084106396227
8.0,2.0,1.2,0.12000000000000001,1.4947299832768827e+95,,1.6740613213835834e+95
8.0,2.0,1.5,0.06,1.1471976483860678e+190,,1.5989831257708702e+190
