Layout,Speed (m/s),Noise Std (m),Status,Final Distance (m),Minimum Clearance (m),Travel Time (s),Path Length (m),Waypoints
Layout_A,0.6,0.0,SUCCESS,0.08948050878826087,0.19927651289815232,13.279999999999806,7.890830813273687,5
Layout_A,0.6,0.01,SUCCESS,0.09821406526892988,0.1984579763627057,13.259999999999806,7.879391270348394,5
Layout_A,0.8,0.0,SUCCESS,0.09461347633991728,0.19213931502803275,10.039999999999875,7.909371627330515,5
Layout_A,0.8,0.01,SUCCESS,0.09401173904190446,0.19296503986729233,10.079999999999874,7.921343898236984,5
Layout_A,1.0,0.0,SUCCESS,0.09989608408264784,0.17523492642086094,8.179999999999914,7.947618505744195,5
Layout_A,1.0,0.01,SUCCESS,0.0733745078422374,0.18390295867937215,8.139999999999915,7.952074982029586,5
Layout_B,0.6,0.0,SUCCESS,0.09817977939852197,0.21223199106921506,13.179999999999808,7.885681304328714,3
Layout_B,0.6,0.01,SUCCESS,0.08589359481770165,0.21473831937679919,13.199999999999807,7.897174225864835,3
Layout_B,0.8,0.0,SUCCESS,0.09374507481535575,0.21321134496996594,9.899999999999878,7.890286825209104,3
Layout_B,0.8,0.01,SUCCESS,0.09553053816683035,0.2133095257265348,9.899999999999878,7.889921431712991,3
Layout_B,1.0,0.0,SUCCESS,0.08091186997133831,0.21416740443223545,7.939999999999919,7.902940131463354,3
Layout_B,1.0,0.01,SUCCESS,0.08926624658161206,0.2147504866890306,7.939999999999919,7.899389197460287,3
